RegionID,SizeRank,RegionName,RegionType,StateName,BaseDate,2022-09-30,2022-11-30,2023-08-31
102001,0,United States,country,,2022-08-31,-0.1,-0.7,1.4
394913,1,"New York, NY",msa,NY,2022-08-31,0.0,-0.8,-0.8
753899,2,"Los Angeles, CA",msa,CA,2022-08-31,-1.1,-3.1,-2.2
394463,3,"Chicago, IL",msa,IL,2022-08-31,-0.1,-0.7,-0.9
394514,4,"Dallas, TX",msa,TX,2022-08-31,-0.4,-0.9,2.4
394692,5,"Houston, TX",msa,TX,2022-08-31,0.1,-0.2,1.3
395209,6,"Washington, DC",msa,VA,2022-08-31,-0.3,-1.1,-1.3
394856,7,"Miami, FL",msa,FL,2022-08-31,0.6,0.7,3.8
394974,8,"Philadelphia, PA",msa,PA,2022-08-31,0.1,-0.4,0.8
394347,9,"Atlanta, GA",msa,GA,2022-08-31,0.0,-0.3,4.1
394976,10,"Phoenix, AZ",msa,AZ,2022-08-31,-1.4,-2.4,2.5
394404,11,"Boston, MA",msa,MA,2022-08-31,-0.3,-1.0,-0.3
395057,12,"San Francisco, CA",msa,CA,2022-08-31,-1.7,-4.0,-4.0
395025,13,"Riverside, CA",msa,CA,2022-08-31,-0.9,-1.8,1.1
394532,14,"Detroit, MI",msa,MI,2022-08-31,-0.4,-0.8,0.7
395078,15,"Seattle, WA",msa,WA,2022-08-31,-0.7,-2.1,0.8
394865,16,"Minneapolis, MN",msa,MN,2022-08-31,-0.4,-1.0,-0.4
395056,17,"San Diego, CA",msa,CA,2022-08-31,-0.7,-1.8,0.5
395148,18,"Tampa, FL",msa,FL,2022-08-31,0.3,0.1,5.3
394530,19,"Denver, CO",msa,CO,2022-08-31,-0.7,-1.4,0.5
395121,20,"St. Louis, MO",msa,MO,2022-08-31,0.0,-0.3,0.5
394358,21,"Baltimore, MD",msa,MD,2022-08-31,0.0,-0.8,-1.3
394458,22,"Charlotte, NC",msa,NC,2022-08-31,0.2,0.3,5.0
394943,23,"Orlando, FL",msa,FL,2022-08-31,0.1,-0.4,3.3
395055,24,"San Antonio, TX",msa,TX,2022-08-31,0.0,-0.2,1.9
394998,25,"Portland, OR",msa,OR,2022-08-31,-0.9,-1.8,-0.9
395045,26,"Sacramento, CA",msa,CA,2022-08-31,-1.6,-3.5,-1.9
394775,27,"Las Vegas, NV",msa,NV,2022-08-31,-0.9,-2.2,1.9
394982,28,"Pittsburgh, PA",msa,PA,2022-08-31,-0.4,-1.1,-0.2
394355,29,"Austin, TX",msa,TX,2022-08-31,-1.3,-2.4,1.8
394466,30,"Cincinnati, OH",msa,OH,2022-08-31,0.0,0.0,2.2
394735,31,"Kansas City, MO",msa,MO,2022-08-31,0.0,-0.2,2.1
394492,32,"Columbus, OH",msa,OH,2022-08-31,0.4,0.5,3.2
394705,33,"Indianapolis, IN",msa,IN,2022-08-31,0.3,0.6,4.0
394475,34,"Cleveland, OH",msa,OH,2022-08-31,0.2,0.0,2.0
395059,35,"San Jose, CA",msa,CA,2022-08-31,-2.0,-4.1,-4.0
394902,36,"Nashville, TN",msa,TN,2022-08-31,-0.2,-1.0,2.4
395194,37,"Virginia Beach, VA",msa,VA,2022-08-31,0.3,-0.3,0.0
395005,38,"Providence, RI",msa,RI,2022-08-31,-0.3,-0.5,1.3
394714,39,"Jacksonville, FL",msa,FL,2022-08-31,0.2,0.0,4.3
394862,40,"Milwaukee, WI",msa,WI,2022-08-31,0.0,-0.8,0.5
394935,41,"Oklahoma City, OK",msa,OK,2022-08-31,0.2,-0.1,0.9
395012,42,"Raleigh, NC",msa,NC,2022-08-31,-1.0,-1.5,2.1
394849,43,"Memphis, TN",msa,TN,2022-08-31,0.3,0.2,3.7
395022,44,"Richmond, VA",msa,VA,2022-08-31,0.3,-0.2,0.8
394910,45,"New Orleans, LA",msa,LA,2022-08-31,-0.1,-0.9,-1.0
394807,46,"Louisville, KY",msa,KY,2022-08-31,0.1,-0.3,1.0
395053,47,"Salt Lake City, UT",msa,UT,2022-08-31,-1.1,-2.0,1.9
394669,48,"Hartford, CT",msa,CT,2022-08-31,0.1,-0.2,0.2
394425,49,"Buffalo, NY",msa,NY,2022-08-31,-0.2,-0.8,1.7
394388,50,"Birmingham, AL",msa,AL,2022-08-31,0.3,0.2,2.1
394640,51,"Grand Rapids, MI",msa,MI,2022-08-31,0.0,0.0,2.9
395031,52,"Rochester, NY",msa,NY,2022-08-31,-0.3,-0.4,0.8
395167,53,"Tucson, AZ",msa,AZ,2022-08-31,-0.4,-0.6,3.7
395169,54,"Tulsa, OK",msa,OK,2022-08-31,0.5,0.2,2.0
394619,55,"Fresno, CA",msa,CA,2022-08-31,-0.2,-1.4,0.9
753924,56,"Urban Honolulu, HI",msa,HI,2022-08-31,0.0,-0.7,-0.9
394938,57,"Omaha, NE",msa,NE,2022-08-31,0.1,0.0,1.5
395238,58,"Worcester, MA",msa,MA,2022-08-31,-0.8,-1.2,0.6
394415,59,"Bridgeport, CT",msa,CT,2022-08-31,0.3,0.2,0.4
394653,60,"Greenville, SC",msa,SC,2022-08-31,0.5,0.7,3.7
394312,61,"Albuquerque, NM",msa,NM,2022-08-31,0.2,0.3,3.1
394357,62,"Bakersfield, CA",msa,CA,2022-08-31,0.0,-0.9,1.6
394308,63,"Albany, NY",msa,NY,2022-08-31,0.8,0.9,1.9
394753,64,"Knoxville, TN",msa,TN,2022-08-31,0.4,0.8,5.3
394843,65,"McAllen, TX",msa,TX,2022-08-31,0.8,1.3,3.7
394367,66,"Baton Rouge, LA",msa,LA,2022-08-31,0.0,-1.0,-2.0
753906,67,"North Port, FL",msa,FL,2022-08-31,-0.6,-1.2,2.9
394908,68,"New Haven, CT",msa,CT,2022-08-31,0.4,0.5,2.3
394486,69,"Columbia, SC",msa,SC,2022-08-31,0.6,0.9,3.3
394318,70,"Allentown, PA",msa,PA,2022-08-31,0.6,0.6,2.8
394561,71,"El Paso, TX",msa,TX,2022-08-31,0.7,1.1,3.0
394952,72,"Oxnard, CA",msa,CA,2022-08-31,-0.7,-2.2,-1.4
394457,73,"Charleston, SC",msa,SC,2022-08-31,0.3,0.3,3.0
845158,74,"Dayton, OH",msa,OH,2022-08-31,0.1,-0.2,2.4
394440,75,"Cape Coral, FL",msa,FL,2022-08-31,-0.3,-1.1,2.6
394648,76,"Greensboro, NC",msa,NC,2022-08-31,0.7,0.8,4.4
394399,77,"Boise City, ID",msa,ID,2022-08-31,-1.5,-2.7,3.9
395134,78,"Stockton, CA",msa,CA,2022-08-31,-1.0,-2.9,-0.5
394484,79,"Colorado Springs, CO",msa,CO,2022-08-31,-0.7,-1.1,3.1
394798,80,"Little Rock, AR",msa,AR,2022-08-31,0.0,-0.7,-0.9
394766,81,"Lakeland, FL",msa,FL,2022-08-31,0.3,-0.2,4.8
394531,82,"Des Moines, IA",msa,IA,2022-08-31,0.3,0.0,0.3
394304,83,"Akron, OH",msa,OH,2022-08-31,0.2,-0.1,1.5
395115,84,"Springfield, MA",msa,MA,2022-08-31,-0.1,-0.6,0.5
394931,85,"Ogden, UT",msa,UT,2022-08-31,-0.8,-1.7,3.5
394528,86,"Deltona, FL",msa,FL,2022-08-31,0.1,-0.2,4.0
395235,87,"Winston, NC",msa,NC,2022-08-31,0.6,0.6,4.1
394816,89,"Madison, WI",msa,WI,2022-08-31,-0.3,-1.0,-0.3
395006,90,"Provo, UT",msa,UT,2022-08-31,-0.3,-0.4,4.3
394549,91,"Durham, NC",msa,NC,2022-08-31,-0.4,-1.1,2.9
395143,92,"Syracuse, NY",msa,NY,2022-08-31,0.5,0.2,1.9
395224,93,"Wichita, KS",msa,KS,2022-08-31,0.3,0.1,1.1
395160,94,"Toledo, OH",msa,OH,2022-08-31,0.5,0.3,1.9
394352,95,"Augusta, GA",msa,GA,2022-08-31,0.6,0.5,3.0
394957,96,"Palm Bay, FL",msa,FL,2022-08-31,0.4,0.4,4.4
394711,97,"Jackson, MS",msa,MS,2022-08-31,-0.1,-0.8,-0.4
394666,98,"Harrisburg, PA",msa,PA,2022-08-31,0.3,-0.1,0.6
395113,99,"Spokane, WA",msa,WA,2022-08-31,-0.8,-1.1,4.6
394460,100,"Chattanooga, TN",msa,TN,2022-08-31,0.5,0.6,4.5
395075,101,"Scranton, PA",msa,PA,2022-08-31,0.5,0.1,2.7
394871,102,"Modesto, CA",msa,CA,2022-08-31,-0.8,-2.6,-0.6
394590,103,"Fayetteville, AR",msa,AR,2022-08-31,0.4,0.4,4.4
394770,104,"Lansing, MI",msa,MI,2022-08-31,0.4,0.3,1.8
394768,105,"Lancaster, PA",msa,PA,2022-08-31,0.1,-0.4,1.3
394997,106,"Portland, ME",msa,ME,2022-08-31,0.2,0.4,3.2
395245,107,"Youngstown, OH",msa,OH,2022-08-31,0.3,0.3,3.2
394589,108,"Fayetteville, NC",msa,NC,2022-08-31,1.0,1.2,3.3
394792,109,"Lexington, KY",msa,KY,2022-08-31,0.1,-0.1,1.6
394898,110,"Myrtle Beach, SC",msa,SC,2022-08-31,0.7,0.3,4.4
394971,111,"Pensacola, FL",msa,FL,2022-08-31,0.0,-0.1,3.9
394995,112,"Port St. Lucie, FL",msa,FL,2022-08-31,0.2,0.1,4.9
395068,113,"Santa Rosa, CA",msa,CA,2022-08-31,-0.9,-2.6,-3.6
394761,114,"Lafayette, LA",msa,LA,2022-08-31,0.4,-0.1,-1.2
394698,115,"Huntsville, AL",msa,AL,2022-08-31,0.3,0.1,4.4
395019,116,"Reno, NV",msa,NV,2022-08-31,-1.5,-2.8,0.0
395116,117,"Springfield, MO",msa,MO,2022-08-31,0.1,0.0,3.9
395195,118,"Visalia, CA",msa,CA,2022-08-31,-0.4,-1.3,0.9
394746,119,"Killeen, TX",msa,TX,2022-08-31,0.6,0.7,4.9
394338,120,"Asheville, NC",msa,NC,2022-08-31,0.2,0.2,3.2
395244,121,"York, PA",msa,PA,2022-08-31,0.1,-0.2,0.8
395183,122,"Vallejo, CA",msa,CA,2022-08-31,0.2,-0.5,0.6
753917,123,"Santa Maria, CA",msa,CA,2022-08-31,-0.7,-2.1,-0.2
395048,124,"Salem, OR",msa,OR,2022-08-31,0.1,0.2,3.3
395050,125,"Salinas, CA",msa,CA,2022-08-31,-0.8,-2.0,-0.6
394502,126,"Corpus Christi, TX",msa,TX,2022-08-31,0.0,-0.7,-0.8
394870,127,"Mobile, AL",msa,AL,2022-08-31,0.4,0.4,2.3
394421,128,"Brownsville, TX",msa,TX,2022-08-31,1.1,1.4,4.8
395051,129,"Salisbury, MD",msa,DE,2022-08-31,0.1,-0.7,1.1
395015,130,"Reading, PA",msa,PA,2022-08-31,0.3,0.0,2.0
394658,131,"Gulfport, MS",msa,MS,2022-08-31,-0.1,-0.7,0.9
394820,132,"Manchester, NH",msa,NH,2022-08-31,0.1,0.0,2.5
394612,133,"Fort Wayne, IN",msa,IN,2022-08-31,0.2,0.2,2.9
394596,134,"Flint, MI",msa,MI,2022-08-31,0.3,0.4,2.9
394327,135,"Anchorage, AK",msa,AK,2022-08-31,0.6,-0.5,-2.7
394972,136,"Peoria, IL",msa,IL,2022-08-31,0.1,-0.7,-2.3
394439,137,"Canton, OH",msa,OH,2022-08-31,0.1,-0.2,1.9
395070,138,"Savannah, GA",msa,GA,2022-08-31,0.7,1.3,3.8
394901,139,"Naples, FL",msa,FL,2022-08-31,0.2,0.3,4.7
395096,140,"Shreveport, LA",msa,LA,2022-08-31,-0.3,-1.4,-3.9
394372,141,"Beaumont, TX",msa,TX,2022-08-31,0.7,0.2,-0.1
395146,142,"Tallahassee, FL",msa,FL,2022-08-31,0.5,0.4,2.1
394576,143,"Eugene, OR",msa,OR,2022-08-31,0.0,-0.3,3.0
394520,144,"Davenport, IA",msa,IL,2022-08-31,-0.2,-1.1,-2.2
394927,145,"Ocala, FL",msa,FL,2022-08-31,1.1,1.6,7.0
394875,146,"Montgomery, AL",msa,AL,2022-08-31,0.4,0.0,0.5
394679,147,"Hickory, NC",msa,NC,2022-08-31,0.6,1.0,3.9
395164,148,"Trenton, NJ",msa,NJ,2022-08-31,0.1,-0.5,0.6
394332,149,"Ann Arbor, MI",msa,MI,2022-08-31,-0.1,-0.6,-0.4
394602,150,"Fort Collins, CO",msa,CO,2022-08-31,-0.7,-1.3,0.1
394697,151,"Huntington, WV",msa,OH,2022-08-31,0.0,-0.9,-1.5
394796,152,"Lincoln, NE",msa,NE,2022-08-31,-0.3,-0.8,0.3
395033,153,"Rockford, IL",msa,IL,2022-08-31,0.1,-0.3,1.0
394645,154,"Greeley, CO",msa,CO,2022-08-31,-0.2,-0.8,1.0
394622,155,"Gainesville, FL",msa,FL,2022-08-31,0.4,0.3,2.8
394405,156,"Boulder, CO",msa,CO,2022-08-31,-0.6,-1.2,0.4
394808,157,"Lubbock, TX",msa,TX,2022-08-31,0.1,-0.8,-0.5
395109,158,"Spartanburg, SC",msa,SC,2022-08-31,0.5,0.4,4.2
394646,159,"Green Bay, WI",msa,WI,2022-08-31,0.2,0.4,2.4
395107,160,"South Bend, IN",msa,IN,2022-08-31,0.3,0.3,3.1
394488,161,"Columbus, GA",msa,GA,2022-08-31,0.4,0.1,1.4
394579,162,"Evansville, IN",msa,IN,2022-08-31,-0.1,-0.5,0.8
394471,163,"Clarksville, TN",msa,TN,2022-08-31,0.8,1.4,5.1
395028,164,"Roanoke, VA",msa,VA,2022-08-31,0.3,-0.2,0.8
394747,165,"Kingsport, TN",msa,TN,2022-08-31,0.6,0.8,2.4
394741,166,"Kennewick, WA",msa,WA,2022-08-31,-0.2,-0.7,3.3
395229,167,"Wilmington, NC",msa,NC,2022-08-31,0.6,0.7,3.9
394937,168,"Olympia, WA",msa,WA,2022-08-31,-0.8,-2.0,2.7
394660,169,"Hagerstown, MD",msa,MD,2022-08-31,0.3,-0.1,1.8
753875,170,"Crestview, FL",msa,FL,2022-08-31,0.2,0.4,4.5
394543,171,"Duluth, MN",msa,MN,2022-08-31,0.3,0.1,1.2
395179,172,"Utica, NY",msa,NY,2022-08-31,0.4,0.3,2.5
394803,173,"Longview, TX",msa,TX,2022-08-31,0.6,0.1,-1.1
395061,174,"San Luis Obispo, CA",msa,CA,2022-08-31,-0.3,-1.3,-0.2
394851,175,"Merced, CA",msa,CA,2022-08-31,-0.9,-2.8,0.1
394772,176,"Laredo, TX",msa,TX,2022-08-31,-0.3,-1.2,-2.5
395197,177,"Waco, TX",msa,TX,2022-08-31,-0.1,-0.4,3.7
394447,178,"Cedar Rapids, IA",msa,IA,2022-08-31,0.1,-0.6,-0.7
395103,179,"Sioux Falls, SD",msa,SD,2022-08-31,0.4,0.3,1.9
394412,180,"Bremerton, WA",msa,WA,2022-08-31,-0.1,-0.3,3.2
395065,181,"Santa Cruz, CA",msa,CA,2022-08-31,-1.7,-3.9,-2.4
394572,182,"Erie, PA",msa,PA,2022-08-31,0.5,0.6,1.4
394483,183,"College Station, TX",msa,TX,2022-08-31,0.5,0.2,0.1
394732,184,"Kalamazoo, MI",msa,MI,2022-08-31,0.2,-0.6,1.8
394323,185,"Amarillo, TX",msa,TX,2022-08-31,0.2,-0.1,1.0
394924,186,"Norwich, CT",msa,CT,2022-08-31,0.1,0.1,1.0
394811,187,"Lynchburg, VA",msa,VA,2022-08-31,0.3,0.1,1.5
394348,188,"Atlantic City, NJ",msa,NJ,2022-08-31,0.4,0.8,4.2
394455,189,"Charleston, WV",msa,WV,2022-08-31,0.4,-0.6,-3.2
395171,190,"Tuscaloosa, AL",msa,AL,2022-08-31,0.4,0.1,1.0
395240,191,"Yakima, WA",msa,WA,2022-08-31,0.0,0.5,4.8
394609,192,"Fort Smith, AR",msa,AR,2022-08-31,0.0,-0.9,-0.6
394585,193,"Fargo, ND",msa,ND,2022-08-31,-0.1,-1.2,-2.8
845160,194,"Prescott Valley, AZ",msa,AZ,2022-08-31,-0.4,-1.5,2.7
394334,195,"Appleton, WI",msa,WI,2022-08-31,-0.1,-0.3,1.9
394387,196,"Binghamton, NY",msa,NY,2022-08-31,0.1,-0.2,0.6
395174,197,"Tyler, TX",msa,TX,2022-08-31,0.7,0.8,2.7
753895,198,"Lafayette, IN",msa,IN,2022-08-31,-0.1,-0.5,1.9
394378,199,"Bellingham, WA",msa,WA,2022-08-31,0.1,-0.1,4.2
395161,200,"Topeka, KS",msa,KS,2022-08-31,0.2,-0.3,0.8
394813,201,"Macon, GA",msa,GA,2022-08-31,0.6,0.8,3.9
394519,202,"Daphne, AL",msa,AL,2022-08-31,1.0,1.5,6.2
394681,203,"Hilton Head Island, SC",msa,SC,2022-08-31,0.0,-0.3,2.9
394454,204,"Champaign, IL",msa,IL,2022-08-31,0.1,-0.5,-1.4
395030,205,"Rochester, MN",msa,MN,2022-08-31,0.1,-0.4,0.4
394848,206,"Medford, OR",msa,OR,2022-08-31,-0.7,-1.9,-1.0
394773,207,"Las Cruces, NM",msa,NM,2022-08-31,1.0,1.1,2.7
394429,208,"Burlington, VT",msa,VT,2022-08-31,0.6,0.4,1.5
394459,209,"Charlottesville, VA",msa,VA,2022-08-31,0.3,-0.3,-0.2
395247,210,"Yuma, AZ",msa,AZ,2022-08-31,0.1,0.1,4.6
845164,211,"Lebanon, NH",msa,NH,2022-08-31,0.3,0.0,2.8
394765,212,"Lake Havasu City, AZ",msa,AZ,2022-08-31,-0.2,-0.8,4.4
394346,213,"Athens, GA",msa,GA,2022-08-31,0.8,0.9,4.7
394361,214,"Barnstable Town, MA",msa,MA,2022-08-31,0.3,0.5,3.8
394464,215,"Chico, CA",msa,CA,2022-08-31,-0.5,-2.3,-1.2
394763,216,"Lake Charles, LA",msa,LA,2022-08-31,-0.9,-3.1,-6.1
394485,217,"Columbia, MO",msa,MO,2022-08-31,0.2,-0.2,0.6
394691,218,"Houma, LA",msa,LA,2022-08-31,-0.1,-1.1,-3.1
394623,219,"Gainesville, GA",msa,GA,2022-08-31,0.3,0.5,4.6
394565,220,"Elkhart, IN",msa,IN,2022-08-31,0.2,-0.1,2.6
395114,221,"Springfield, IL",msa,IL,2022-08-31,0.5,-0.3,-1.7
394726,222,"Johnson City, TN",msa,TN,2022-08-31,0.6,-0.2,1.4
394597,223,"Florence, SC",msa,SC,2022-08-31,0.7,0.7,1.4
394716,224,"Jacksonville, NC",msa,NC,2022-08-31,0.8,1.0,3.8
394680,225,"Hilo, HI",msa,HI,2022-08-31,0.1,-0.2,2.7
395118,226,"St. Cloud, MN",msa,MN,2022-08-31,-0.3,-0.7,0.9
394380,227,"Bend, OR",msa,OR,2022-08-31,-1.1,-1.6,2.6
394872,228,"Monroe, LA",msa,LA,2022-08-31,0.4,-0.2,-1.9
395011,229,"Racine, WI",msa,WI,2022-08-31,-0.8,-1.6,0.5
395009,230,"Punta Gorda, FL",msa,FL,2022-08-31,-0.7,-1.2,3.8
395047,231,"Saginaw, MI",msa,MI,2022-08-31,0.3,0.5,3.5
395202,232,"Warner Robins, GA",msa,GA,2022-08-31,0.8,0.8,2.9
395151,233,"Terre Haute, IN",msa,IN,2022-08-31,0.3,0.0,0.9
395119,234,"St. George, UT",msa,UT,2022-08-31,-1.0,-3.1,1.5
394386,235,"Billings, MT",msa,MT,2022-08-31,0.7,0.5,2.1
394860,236,"Midland, TX",msa,TX,2022-08-31,-0.1,-1.2,-2.2
394539,237,"Dover, DE",msa,DE,2022-08-31,0.1,-0.2,1.5
394651,238,"Greenville, NC",msa,NC,2022-08-31,0.6,0.1,2.8
394406,239,"Bowling Green, KY",msa,KY,2022-08-31,1.1,1.4,1.5
394559,240,"El Centro, CA",msa,CA,2022-08-31,1.9,1.6,5.5
394729,241,"Joplin, MO",msa,MO,2022-08-31,0.8,0.8,3.2
395162,242,"Torrington, CT",msa,CT,2022-08-31,0.3,0.4,2.1
394712,243,"Jackson, TN",msa,TN,2022-08-31,0.1,0.0,3.3
395018,244,"Redding, CA",msa,CA,2022-08-31,-0.4,-2.0,-0.9
394748,245,"Kingston, NY",msa,NY,2022-08-31,-0.5,-0.6,3.6
395246,246,"Yuba City, CA",msa,CA,2022-08-31,-0.1,-0.6,2.2
394707,247,"Iowa City, IA",msa,IA,2022-08-31,0.5,-0.2,-1.1
394896,248,"Muskegon, MI",msa,MI,2022-08-31,0.6,1.1,5.7
394299,249,"Abilene, TX",msa,TX,2022-08-31,0.4,0.6,1.8
394944,250,"Oshkosh, WI",msa,WI,2022-08-31,0.0,-0.3,1.5
394428,251,"Burlington, NC",msa,NC,2022-08-31,0.3,0.3,5.0
394960,252,"Panama City, FL",msa,FL,2022-08-31,0.3,0.1,3.6
753869,253,"Bloomington, IL",msa,IL,2022-08-31,0.1,-0.3,-0.3
394480,254,"Coeur d'Alene, ID",msa,ID,2022-08-31,-0.9,-1.7,4.5
394553,255,"East Stroudsburg, PA",msa,PA,2022-08-31,0.0,0.1,5.8
394555,256,"Eau Claire, WI",msa,WI,2022-08-31,0.2,-0.4,1.9
395007,257,"Pueblo, CO",msa,CO,2022-08-31,0.2,0.4,5.9
394671,258,"Hattiesburg, MS",msa,MS,2022-08-31,0.1,-0.8,-1.1
394393,259,"Bloomington, IN",msa,IN,2022-08-31,0.4,0.4,2.8
395210,260,"Waterloo, IA",msa,IA,2022-08-31,0.5,0.0,-1.0
394731,261,"Kahului, HI",msa,HI,2022-08-31,1.1,0.8,3.7
394930,262,"Odessa, TX",msa,TX,2022-08-31,0.1,-1.1,-4.1
394392,263,"Blacksburg, VA",msa,VA,2022-08-31,0.2,-0.5,0.0
394351,264,"Auburn, AL",msa,AL,2022-08-31,0.7,0.7,3.4
395170,265,"Tupelo, MS",msa,MS,2022-08-31,0.0,-0.9,-1.1
395215,266,"Wausau, WI",msa,WI,2022-08-31,0.3,0.1,1.2
394720,267,"Janesville, WI",msa,WI,2022-08-31,-0.2,-0.7,1.5
395079,268,"Sebastian, FL",msa,FL,2022-08-31,0.4,-0.1,3.8
395125,269,"State College, PA",msa,PA,2022-08-31,0.4,-0.1,-0.4
394814,270,"Madera, CA",msa,CA,2022-08-31,-0.2,-0.5,2.5
394710,271,"Jackson, MI",msa,MI,2022-08-31,0.0,-0.3,2.5
394453,272,"Chambersburg, PA",msa,PA,2022-08-31,-0.1,-0.6,0.5
394639,273,"Grand Junction, CO",msa,CO,2022-08-31,-0.4,-1.0,2.3
394703,274,"Idaho Falls, ID",msa,ID,2022-08-31,0.1,0.3,6.8
394563,275,"Elizabethtown, KY",msa,KY,2022-08-31,0.7,0.9,3.0
394917,276,"Niles, MI",msa,MI,2022-08-31,0.0,0.1,2.2
394685,277,"Homosassa Springs, FL",msa,FL,2022-08-31,0.6,1.0,6.8
394523,278,"Decatur, AL",msa,AL,2022-08-31,0.9,1.0,3.1
394662,279,"Hanford, CA",msa,CA,2022-08-31,-0.1,-1.3,1.0
394493,280,"Concord, NH",msa,NH,2022-08-31,0.7,1.0,4.1
395223,281,"Wichita Falls, TX",msa,TX,2022-08-31,0.0,-0.5,0.5
395066,282,"Santa Fe, NM",msa,NM,2022-08-31,-0.3,-1.0,1.3
394359,283,"Bangor, ME",msa,ME,2022-08-31,0.0,-0.3,2.9
395163,284,"Traverse City, MI",msa,MI,2022-08-31,0.4,0.5,3.8
394314,285,"Alexandria, LA",msa,LA,2022-08-31,0.5,-0.9,-4.5
394873,286,"Monroe, MI",msa,MI,2022-08-31,0.0,-0.7,0.0
394537,287,"Dothan, AL",msa,AL,2022-08-31,0.6,0.0,0.5
394723,288,"Jefferson City, MO",msa,MO,2022-08-31,0.2,-0.4,0.9
395152,289,"Texarkana, TX",msa,TX,2022-08-31,0.3,0.1,1.6
394598,290,"Florence, AL",msa,AL,2022-08-31,1.3,1.5,3.4
395182,291,"Valdosta, GA",msa,GA,2022-08-31,0.6,0.6,2.1
394802,292,"London, KY",msa,KY,2022-08-31,0.2,-0.5,-0.2
395193,293,"Vineland, NJ",msa,NJ,2022-08-31,0.3,-0.4,1.1
395036,294,"Rocky Mount, NC",msa,NC,2022-08-31,0.8,0.6,3.3
845167,295,"Ottawa, IL",msa,IL,2022-08-31,0.4,0.2,0.6
394306,296,"Albany, GA",msa,GA,2022-08-31,0.3,-0.2,0.1
395102,297,"Sioux City, IA",msa,IA,2022-08-31,0.5,-0.1,0.0
395013,298,"Rapid City, SD",msa,SD,2022-08-31,-0.1,-0.9,1.3
394800,299,"Logan, UT",msa,UT,2022-08-31,-0.4,0.0,5.9
394880,300,"Morristown, TN",msa,TN,2022-08-31,0.7,1.5,5.0
394515,301,"Dalton, GA",msa,GA,2022-08-31,0.6,0.6,3.7
394595,302,"Flagstaff, AZ",msa,AZ,2022-08-31,-0.7,-1.7,2.7
395232,303,"Winchester, VA",msa,VA,2022-08-31,0.0,-0.5,0.4
394783,304,"Lebanon, PA",msa,PA,2022-08-31,0.3,0.1,1.7
395000,305,"Pottsville, PA",msa,PA,2022-08-31,0.3,1.0,3.9
394879,306,"Morgantown, WV",msa,WV,2022-08-31,0.0,-1.2,-1.7
395139,307,"Sumter, SC",msa,SC,2022-08-31,0.5,0.2,1.1
395153,308,"The Villages, FL",msa,FL,2022-08-31,0.5,0.2,3.3
395094,309,"Sherman, TX",msa,TX,2022-08-31,0.6,1.3,6.3
395221,310,"Wheeling, WV",msa,OH,2022-08-31,0.1,-0.5,0.2
394756,311,"La Crosse, WI",msa,WI,2022-08-31,0.2,-0.4,0.6
394661,312,"Hammond, LA",msa,LA,2022-08-31,0.2,-0.3,-1.5
394900,313,"Napa, CA",msa,CA,2022-08-31,-1.1,-3.5,-3.5
394668,314,"Harrisonburg, VA",msa,VA,2022-08-31,0.2,-0.1,0.0
394728,315,"Jonesboro, AR",msa,AR,2022-08-31,0.3,-0.2,0.9
394442,316,"Carbondale, IL",msa,IL,2022-08-31,0.5,-0.2,-1.3
394577,317,"Eureka, CA",msa,CA,2022-08-31,0.4,-0.3,1.2
395117,318,"Springfield, OH",msa,OH,2022-08-31,0.7,0.3,1.7
394368,319,"Battle Creek, MI",msa,MI,2022-08-31,-0.5,-0.9,1.5
394307,320,"Albany, OR",msa,OR,2022-08-31,0.1,0.4,4.2
394890,321,"Mount Vernon, WA",msa,WA,2022-08-31,-1.3,-3.1,0.6
394821,322,"Manhattan, KS",msa,KS,2022-08-31,0.1,-0.8,-1.5
394810,323,"Lumberton, NC",msa,NC,2022-08-31,0.3,-0.1,1.9
394390,324,"Bismarck, ND",msa,ND,2022-08-31,0.1,-0.9,-2.9
394727,325,"Johnstown, PA",msa,PA,2022-08-31,0.5,0.3,1.0
395098,326,"Sierra Vista, AZ",msa,AZ,2022-08-31,0.2,-0.7,2.6
394780,327,"Lawton, OK",msa,OK,2022-08-31,0.4,-0.2,-1.2
394719,328,"Jamestown, NY",msa,NY,2022-08-31,0.2,0.1,3.5
394474,329,"Cleveland, TN",msa,TN,2022-08-31,0.5,0.4,4.1
394983,330,"Pittsfield, MA",msa,MA,2022-08-31,0.1,0.1,2.0
394325,331,"Ames, IA",msa,IA,2022-08-31,0.2,-0.8,-2.0
395128,332,"Staunton, VA",msa,VA,2022-08-31,0.0,-0.8,-1.0
394633,333,"Glens Falls, NY",msa,NY,2022-08-31,0.3,0.1,0.8
394635,334,"Goldsboro, NC",msa,NC,2022-08-31,0.6,0.4,2.3
394588,335,"Farmington, NM",msa,NM,2022-08-31,0.4,0.4,4.3
394905,336,"New Bern, NC",msa,NC,2022-08-31,0.5,0.5,2.4
394353,337,"Augusta, ME",msa,ME,2022-08-31,0.4,0.7,4.9
395054,338,"San Angelo, TX",msa,TX,2022-08-31,-0.4,-1.1,-0.9
395120,339,"St. Joseph, MO",msa,MO,2022-08-31,0.3,0.0,0.4
394778,340,"Lawrence, KS",msa,KS,2022-08-31,0.7,0.0,1.2
394867,341,"Missoula, MT",msa,MT,2022-08-31,-0.3,0.1,5.3
395218,342,"Wenatchee, WA",msa,WA,2022-08-31,0.5,0.5,3.9
394321,343,"Altoona, PA",msa,PA,2022-08-31,-0.2,-1.0,-2.5
394824,344,"Mansfield, OH",msa,OH,2022-08-31,0.8,0.8,3.9
394949,345,"Owensboro, KY",msa,KY,2022-08-31,0.6,1.2,3.3
394423,346,"Brunswick, GA",msa,GA,2022-08-31,0.4,0.9,3.6
753890,347,"Holland, MI",msa,MI,2022-08-31,0.2,-0.1,2.2
394407,348,"Bozeman, MT",msa,MT,2022-08-31,2.0,3.0,8.7
395237,349,"Wooster, OH",msa,OH,2022-08-31,3.7,5.7,12.8
394495,350,"Cookeville, TN",msa,TN,2022-08-31,0.9,1.3,5.3
395089,351,"Sheboygan, WI",msa,WI,2022-08-31,0.4,0.0,2.1
395217,352,"Weirton, WV",msa,OH,2022-08-31,0.1,-0.4,-0.2
394374,353,"Beckley, WV",msa,WV,2022-08-31,0.1,-0.8,-2.4
753872,354,"California, MD",msa,MD,2022-08-31,0.0,-0.7,-0.7
394333,355,"Anniston, AL",msa,AL,2022-08-31,-0.2,-1.0,1.2
394893,356,"Muncie, IN",msa,IN,2022-08-31,-0.2,-0.3,2.1
395225,357,"Williamsport, PA",msa,PA,2022-08-31,0.2,-0.4,-0.8
395173,358,"Twin Falls, ID",msa,ID,2022-08-31,-0.6,-0.4,5.8
395095,359,"Show Low, AZ",msa,AZ,2022-08-31,0.6,1.1,7.8
394804,360,"Longview, WA",msa,WA,2022-08-31,0.5,1.0,5.5
395039,361,"Roseburg, OR",msa,OR,2022-08-31,0.0,-0.4,2.9
394857,362,"Michigan City, IN",msa,IN,2022-08-31,0.0,-0.5,2.2
394734,363,"Kankakee, IL",msa,IL,2022-08-31,0.2,-0.3,0.7
394788,364,"Lewiston, ME",msa,ME,2022-08-31,0.3,0.3,4.2
395023,365,"Richmond, KY",msa,KY,2022-08-31,0.6,0.6,2.3
395213,366,"Watertown, NY",msa,NY,2022-08-31,0.5,0.4,0.4
394932,367,"Ogdensburg, NY",msa,NY,2022-08-31,-0.7,-1.4,1.1
395080,368,"Sebring, FL",msa,FL,2022-08-31,0.6,1.1,6.2
395168,369,"Tullahoma, TN",msa,TN,2022-08-31,1.3,2.7,7.2
394733,370,"Kalispell, MT",msa,MT,2022-08-31,0.0,-0.6,7.2
394396,371,"Bluefield, WV",msa,VA,2022-08-31,0.1,-0.9,-1.4
395222,372,"Whitewater, WI",msa,WI,2022-08-31,0.7,1.4,3.6
753912,373,"Pinehurst, NC",msa,NC,2022-08-31,0.6,1.1,4.8
394762,374,"LaGrange, GA",msa,GA,2022-08-31,-2.2,-1.9,-3.4
394524,375,"Decatur, IL",msa,IL,2022-08-31,-0.1,-0.6,-1.2
394599,376,"Fond du Lac, WI",msa,WI,2022-08-31,0.6,0.4,1.5
394630,377,"Gettysburg, PA",msa,PA,2022-08-31,0.2,-0.5,0.2
394823,378,"Mankato, MN",msa,MN,2022-08-31,0.5,0.3,1.0
394369,379,"Bay City, MI",msa,MI,2022-08-31,-0.1,-0.3,1.8
394620,380,"Gadsden, AL",msa,AL,2022-08-31,0.5,1.2,3.4
394794,381,"Lima, OH",msa,OH,2022-08-31,0.1,-0.6,1.5
753915,382,"Salem, OH",msa,OH,2022-08-31,0.7,0.7,1.1
394709,383,"Ithaca, NY",msa,NY,2022-08-31,0.3,-0.3,-0.5
394462,384,"Cheyenne, WY",msa,WY,2022-08-31,-0.2,-1.0,-0.7
394637,385,"Grand Forks, ND",msa,MN,2022-08-31,0.1,-0.6,-2.4
394689,386,"Hot Springs, AR",msa,AR,2022-08-31,0.7,1.1,4.6
394518,387,"Danville, VA",msa,VA,2022-08-31,0.2,-0.4,-0.9
395166,388,"Truckee, CA",msa,CA,2022-08-31,-0.6,-2.4,-1.6
395190,389,"Victoria, TX",msa,TX,2022-08-31,1.4,4.0,7.0
394882,390,"Moses Lake, WA",msa,WA,2022-08-31,0.7,0.9,5.9
395086,391,"Sevierville, TN",msa,TN,2022-08-31,-0.3,-1.1,5.9
395090,392,"Shelby, NC",msa,NC,2022-08-31,1.5,1.7,3.8
395038,393,"Rome, GA",msa,GA,2022-08-31,0.8,0.7,4.9
394852,394,"Meridian, MS",msa,MS,2022-08-31,0.1,-0.8,-3.4
394302,395,"Adrian, MI",msa,MI,2022-08-31,-0.2,-0.5,1.5
394542,396,"Dubuque, IA",msa,IA,2022-08-31,0.7,1.4,2.3
394441,397,"Cape Girardeau, MO",msa,MO,2022-08-31,0.3,0.4,1.6
394311,398,"Albertville, AL",msa,AL,2022-08-31,0.7,2.4,5.8
394513,399,"Cumberland, MD",msa,MD,2022-08-31,0.1,-1.1,-0.9
394340,400,"Ashtabula, OH",msa,OH,2022-08-31,0.0,-0.9,0.9
394988,401,"Pocatello, ID",msa,ID,2022-08-31,0.2,0.6,6.5
394953,402,"Paducah, KY",msa,KY,2022-08-31,0.4,-0.2,0.0
394580,403,"Fairbanks, AK",msa,AK,2022-08-31,-1.3,-3.6,-7.0
394410,404,"Brainerd, MN",msa,MN,2022-08-31,0.4,0.1,3.6
394501,405,"Corning, NY",msa,NY,2022-08-31,0.9,0.4,2.7
394505,406,"Corvallis, OR",msa,OR,2022-08-31,-0.2,-0.5,1.4
394469,407,"Clarksburg, WV",msa,WV,2022-08-31,0.1,-0.8,-0.8
394911,408,"New Philadelphia, OH",msa,OH,2022-08-31,0.4,0.4,0.1
394928,409,"Ocean City, NJ",msa,NJ,2022-08-31,0.2,0.1,3.8
395140,410,"Sunbury, PA",msa,PA,2022-08-31,0.1,-0.8,-0.6
753887,411,"Hermiston, OR",msa,OR,2022-08-31,0.5,0.2,3.1
394964,412,"Parkersburg, WV",msa,WV,2022-08-31,0.3,0.1,1.2
394641,413,"Grants Pass, OR",msa,OR,2022-08-31,-0.5,-1.0,0.7
394373,414,"Beaver Dam, WI",msa,WI,2022-08-31,0.1,-0.5,1.6
394809,415,"Lufkin, TX",msa,TX,2022-08-31,0.3,-0.2,0.2
394980,416,"Pine Bluff, AR",msa,AR,2022-08-31,0.2,-0.3,-0.1
395175,417,"Ukiah, CA",msa,CA,2022-08-31,0.4,-1.0,-0.8
395248,418,"Zanesville, OH",msa,OH,2022-08-31,0.9,1.7,3.9
394925,419,"Oak Harbor, WA",msa,WA,2022-08-31,-0.3,-0.1,3.7
395042,420,"Russellville, AR",msa,AR,2022-08-31,0.4,0.1,0.4
394942,421,"Orangeburg, SC",msa,SC,2022-08-31,0.4,0.1,0.0
394907,422,"New Castle, PA",msa,PA,2022-08-31,0.7,0.7,2.3
395212,423,"Watertown, WI",msa,WI,2022-08-31,0.2,-0.1,2.2
394511,424,"Cullman, AL",msa,AL,2022-08-31,0.1,-0.3,2.3
394489,425,"Columbus, IN",msa,IN,2022-08-31,0.4,0.0,1.1
394776,426,"Laurel, MS",msa,MS,2022-08-31,0.2,-0.6,-1.2
394345,427,"Athens, TX",msa,TX,2022-08-31,1.3,1.5,6.4
394847,428,"Meadville, PA",msa,PA,2022-08-31,0.1,-0.5,-0.1
394704,429,"Indiana, PA",msa,PA,2022-08-31,-0.1,-0.9,-1.0
394859,430,"Midland, MI",msa,MI,2022-08-31,0.0,-0.5,1.3
394682,431,"Hinesville, GA",msa,GA,2022-08-31,0.8,0.6,0.9
394395,432,"Bloomsburg, PA",msa,PA,2022-08-31,0.0,-1.1,-0.8
394755,433,"Kokomo, IN",msa,IN,2022-08-31,0.1,0.0,1.8
394568,434,"Elmira, NY",msa,NY,2022-08-31,0.3,-0.2,-0.1
394675,435,"Helena, MT",msa,MT,2022-08-31,0.7,0.7,4.4
394452,436,"Centralia, WA",msa,WA,2022-08-31,0.6,0.7,4.9
395231,437,"Wilson, NC",msa,NC,2022-08-31,-1.6,-2.2,-0.7
395133,438,"Stillwater, OK",msa,OK,2022-08-31,-0.4,-1.5,-2.8
394941,439,"Opelousas, LA",msa,LA,2022-08-31,-0.1,-1.3,-2.2
394644,440,"Great Falls, MT",msa,MT,2022-08-31,0.2,0.1,2.6
395126,441,"Statesboro, GA",msa,GA,2022-08-31,0.0,-0.3,0.8
394445,442,"Casper, WY",msa,WY,2022-08-31,0.1,-0.5,-0.5
395085,443,"Seneca, SC",msa,SC,2022-08-31,0.0,0.0,3.4
395145,444,"Talladega, AL",msa,AL,2022-08-31,0.1,-0.4,1.2
394986,445,"Plattsburgh, NY",msa,NY,2022-08-31,0.8,0.0,1.1
395205,446,"Warsaw, IN",msa,IN,2022-08-31,0.9,0.8,2.6
394822,447,"Manitowoc, WI",msa,WI,2022-08-31,0.5,0.3,2.2
395077,448,"Searcy, AR",msa,AR,2022-08-31,0.6,0.4,1.0
394541,449,"DuBois, PA",msa,PA,2022-08-31,0.2,-0.5,-0.8
753881,450,"Glenwood Springs, CO",msa,CO,2022-08-31,0.1,-0.3,1.8
394994,451,"Port Angeles, WA",msa,WA,2022-08-31,-0.2,-0.9,3.8
394674,452,"Heber, UT",msa,UT,2022-08-31,0.3,0.3,5.0
394866,453,"Minot, ND",msa,ND,2022-08-31,0.1,-0.4,-6.0
394465,454,"Chillicothe, OH",msa,OH,2022-08-31,0.1,-0.3,0.8
394738,455,"Keene, NH",msa,NH,2022-08-31,0.0,-0.5,2.0
753893,456,"Jefferson, GA",msa,GA,2022-08-31,0.2,0.2,4.8
394350,457,"Auburn, NY",msa,NY,2022-08-31,0.5,-0.2,0.2
394298,458,"Aberdeen, WA",msa,WA,2022-08-31,0.3,1.1,8.9
394936,459,"Olean, NY",msa,NY,2022-08-31,1.0,1.7,5.9
394593,460,"Findlay, OH",msa,OH,2022-08-31,0.5,0.1,1.3
394638,461,"Grand Island, NE",msa,NE,2022-08-31,0.1,-0.4,0.2
394516,462,"Danville, IL",msa,IL,2022-08-31,0.1,-0.8,-2.0
394955,463,"Palatka, FL",msa,FL,2022-08-31,0.4,0.8,6.0
395010,464,"Quincy, IL",msa,IL,2022-08-31,0.8,0.8,0.5
394999,465,"Portsmouth, OH",msa,OH,2022-08-31,0.2,-0.4,-0.4
394614,466,"Frankfort, KY",msa,KY,2022-08-31,0.4,0.0,0.8
394744,467,"Key West, FL",msa,FL,2022-08-31,1.0,1.0,4.3
395062,468,"Sandusky, OH",msa,OH,2022-08-31,-0.1,-0.7,0.8
395088,469,"Shawnee, OK",msa,OK,2022-08-31,0.5,-0.1,0.3
395106,470,"Somerset, PA",msa,PA,2022-08-31,0.1,-0.7,-0.7
394764,471,"Lake City, FL",msa,FL,2022-08-31,0.5,0.4,4.2
753928,472,"Wisconsin Rapids, WI",msa,WI,2022-08-31,-0.1,-0.1,0.7
394699,473,"Huntsville, TX",msa,TX,2022-08-31,0.4,0.1,1.7
394736,474,"Kapaa, HI",msa,HI,2022-08-31,1.5,2.8,5.9
394683,475,"Hobbs, NM",msa,NM,2022-08-31,-0.1,-1.0,-0.4
394884,476,"Mount Airy, NC",msa,NC,2022-08-31,-0.7,-1.2,0.1
394655,478,"Greenwood, SC",msa,SC,2022-08-31,-1.6,-2.9,-2.3
395132,479,"Stevens Point, WI",msa,WI,2022-08-31,0.4,0.2,1.3
394626,480,"Gallup, NM",msa,NM,2022-08-31,0.1,-0.6,-0.3
394647,481,"Greeneville, TN",msa,TN,2022-08-31,1.3,1.6,8.6
394877,482,"Morehead City, NC",msa,NC,2022-08-31,0.7,1.0,3.8
394885,483,"Mount Pleasant, MI",msa,MI,2022-08-31,0.2,-0.2,0.4
394752,484,"Klamath Falls, OR",msa,OR,2022-08-31,0.7,0.4,4.4
395027,485,"Roanoke Rapids, NC",msa,NC,2022-08-31,0.4,-0.3,0.4
395092,486,"Shelton, WA",msa,WA,2022-08-31,0.1,0.1,6.0
394922,487,"North Wilkesboro, NC",msa,NC,2022-08-31,0.4,-0.1,2.9
394305,488,"Alamogordo, NM",msa,NM,2022-08-31,0.2,-0.1,1.0
394897,489,"Muskogee, OK",msa,OK,2022-08-31,0.1,-0.4,-0.8
394586,490,"Faribault, MN",msa,MN,2022-08-31,0.5,0.6,1.2
394600,491,"Forest City, NC",msa,NC,2022-08-31,0.8,0.8,3.9
394587,492,"Farmington, MO",msa,MO,2022-08-31,1.0,1.7,4.2
394829,493,"Marquette, MI",msa,MI,2022-08-31,0.2,-0.5,0.2
395021,494,"Richmond, IN",msa,IN,2022-08-31,0.1,-0.6,-0.7
395105,495,"Somerset, KY",msa,KY,2022-08-31,0.3,-0.3,0.8
394343,496,"Athens, OH",msa,OH,2022-08-31,0.4,-0.1,0.4
394826,497,"Marion, IN",msa,IN,2022-08-31,-0.2,-1.1,-0.4
394827,498,"Marion, OH",msa,OH,2022-08-31,0.2,-0.2,0.9
394899,499,"Nacogdoches, TX",msa,TX,2022-08-31,0.1,-0.7,-0.4
394496,500,"Coos Bay, OR",msa,OR,2022-08-31,0.3,0.2,3.9
395040,500,"Roswell, NM",msa,NM,2022-08-31,0.1,-0.4,0.8
395016,502,"Red Bluff, CA",msa,CA,2022-08-31,0.6,-1.6,-2.0
394472,503,"Clearlake, CA",msa,CA,2022-08-31,0.0,-0.9,0.2
394360,504,"Baraboo, WI",msa,WI,2022-08-31,1.0,1.4,3.6
395024,505,"Rio Grande City, TX",msa,TX,2022-08-31,-0.1,-1.0,-1.0
394540,506,"Dublin, GA",msa,GA,2022-08-31,0.3,0.0,1.7
394787,507,"Lewiston, ID",msa,ID,2022-08-31,0.1,-0.5,3.1
394629,509,"Georgetown, SC",msa,SC,2022-08-31,0.7,1.0,3.6
394825,512,"Marinette, WI",msa,WI,2022-08-31,0.4,0.1,1.1
394836,513,"Martinsville, VA",msa,VA,2022-08-31,0.0,-1.0,-1.8
394889,514,"Mount Vernon, OH",msa,OH,2022-08-31,0.5,0.5,3.4
395063,515,"Sanford, NC",msa,NC,2022-08-31,1.7,5.6,9.4
394701,516,"Hutchinson, KS",msa,KS,2022-08-31,0.1,-0.5,-1.4
394509,517,"Crossville, TN",msa,TN,2022-08-31,0.4,0.9,6.2
394759,518,"Laconia, NH",msa,NH,2022-08-31,1.0,1.2,5.5
395199,519,"Walla Walla, WA",msa,WA,2022-08-31,-0.2,-0.7,1.3
394456,520,"Charleston, IL",msa,IL,2022-08-31,0.3,-0.6,-2.7
394631,521,"Gillette, WY",msa,WY,2022-08-31,0.1,-1.1,-3.1
394570,522,"Enid, OK",msa,OK,2022-08-31,0.6,-0.2,-1.9
395136,523,"Sturgis, MI",msa,MI,2022-08-31,0.1,0.2,4.2
395071,524,"Sayre, PA",msa,PA,2022-08-31,0.0,-0.5,-0.7
753903,525,"Marietta, OH",msa,OH,2022-08-31,0.2,-0.2,0.9
395049,526,"Salina, KS",msa,KS,2022-08-31,0.1,-0.5,-0.4
394693,527,"Hudson, NY",msa,NY,2022-08-31,-0.4,-0.5,1.9
395124,528,"Starkville, MS",msa,MS,2022-08-31,0.0,-1.2,-2.6
394432,529,"Calhoun, GA",msa,GA,2022-08-31,0.0,-0.5,2.4
394591,530,"Fergus Falls, MN",msa,MN,2022-08-31,0.3,-0.1,0.4
394939,531,"Oneonta, NY",msa,NY,2022-08-31,0.1,-0.7,-1.0
394336,532,"Ardmore, OK",msa,OK,2022-08-31,0.7,0.9,0.9
394443,533,"Carlsbad, NM",msa,NM,2022-08-31,0.6,,1.0
394551,534,"Eagle Pass, TX",msa,TX,2022-08-31,0.1,-0.5,-0.2
394618,535,"Fremont, OH",msa,OH,2022-08-31,-0.3,-0.9,-0.5
394362,536,"Barre, VT",msa,VT,2022-08-31,0.9,0.8,4.0
394592,537,"Fernley, NV",msa,NV,2022-08-31,-0.8,-2.2,1.1
394490,538,"Columbus, MS",msa,MS,2022-08-31,0.1,-0.6,-0.5
753877,539,"Cullowhee, NC",msa,NC,2022-08-31,0.4,0.1,1.9
394923,540,"Norwalk, OH",msa,OH,2022-08-31,0.2,0.2,1.5
394956,541,"Palestine, TX",msa,TX,2022-08-31,0.2,-0.3,0.3
395044,542,"Rutland, VT",msa,VT,2022-08-31,0.8,0.5,1.7
394605,543,"Fort Madison, IA",msa,IA,2022-08-31,0.1,-0.8,-2.3
394621,544,"Gaffney, SC",msa,SC,2022-08-31,0.5,0.5,1.9
394365,545,"Batavia, NY",msa,NY,2022-08-31,0.6,1.1,2.4
394446,546,"Cedar City, UT",msa,UT,2022-08-31,0.4,0.4,5.3
394737,547,"Kearney, NE",msa,NE,2022-08-31,0.2,0.0,0.9
394547,548,"Durango, CO",msa,CO,2022-08-31,0.0,-0.4,2.7
394402,549,"Boone, NC",msa,NC,2022-08-31,0.2,0.6,6.5
394989,550,"Point Pleasant, WV",msa,OH,2022-08-31,0.2,-0.2,0.1
394411,551,"Branson, MO",msa,MO,2022-08-31,2.0,3.1,3.9
394444,552,"Carson City, NV",msa,NV,2022-08-31,0.7,0.6,4.7
394582,553,"Fairmont, WV",msa,WV,2022-08-31,0.1,-0.8,-0.5
394977,554,"Picayune, MS",msa,MS,2022-08-31,0.3,-0.4,-0.3
394940,555,"Ontario, OR",msa,OR,2022-08-31,0.4,0.6,5.4
394750,556,"Kinston, NC",msa,NC,2022-08-31,0.3,-0.3,0.7
394993,557,"Poplar Bluff, MO",msa,MO,2022-08-31,0.1,-0.5,-2.1
395122,558,"St. Marys, GA",msa,GA,2022-08-31,0.7,0.4,2.1
395216,559,"Waycross, GA",msa,GA,2022-08-31,0.4,0.2,2.4
394366,560,"Batesville, AR",msa,AR,2022-08-31,0.0,-1.1,-0.7
394566,561,"Elko, NV",msa,NV,2022-08-31,0.1,-0.6,-0.9
395157,562,"Tiffin, OH",msa,OH,2022-08-31,0.4,0.3,1.1
394556,563,"Edwards, CO",msa,CO,2022-08-31,0.2,-0.2,4.2
394721,564,"Jasper, IN",msa,IN,2022-08-31,0.2,-0.4,1.1
394517,565,"Danville, KY",msa,KY,2022-08-31,0.2,-0.6,-0.5
395131,566,"Sterling, IL",msa,IL,2022-08-31,0.1,-0.9,-2.6
753920,567,"Sonora, CA",msa,CA,2022-08-31,-1.0,-2.1,-1.6
394951,568,"Oxford, MS",msa,MS,2022-08-31,-0.2,-1.2,-1.6
394632,569,"Glasgow, KY",msa,KY,2022-08-31,0.2,-0.3,0.6
394967,570,"Payson, AZ",msa,AZ,2022-08-31,0.2,0.7,7.2
395204,571,"Warrensburg, MO",msa,MO,2022-08-31,0.0,-0.8,1.4
394344,572,"Athens, TN",msa,TN,2022-08-31,0.4,0.8,3.1
394562,573,"Elizabeth City, NC",msa,NC,2022-08-31,0.2,-0.6,0.0
394861,574,"Milledgeville, GA",msa,GA,2022-08-31,0.3,-0.2,1.7
395020,575,"Rexburg, ID",msa,ID,2022-08-31,0.3,0.2,3.8
394339,576,"Ashland, OH",msa,OH,2022-08-31,0.3,0.0,1.1
394571,577,"Enterprise, AL",msa,AL,2022-08-31,0.0,-0.8,-0.7
394717,578,"Jacksonville, TX",msa,TX,2022-08-31,0.3,-0.2,1.1
394742,579,"Kerrville, TX",msa,TX,2022-08-31,0.9,0.6,-0.3
394634,580,"Gloversville, NY",msa,NY,2022-08-31,0.5,0.6,2.1
394604,581,"Fort Leonard Wood, MO",msa,MO,2022-08-31,-0.2,-1.1,-3.8
394363,582,"Bartlesville, OK",msa,OK,2022-08-31,,-1.9,-1.1
394538,583,"Douglas, GA",msa,GA,2022-08-31,0.0,-0.7,0.4
395073,584,"Scottsboro, AL",msa,AL,2022-08-31,0.2,0.0,0.9
394316,585,"Alice, TX",msa,TX,2022-08-31,0.3,-0.7,-1.8
394652,586,"Greenville, OH",msa,OH,2022-08-31,0.1,-0.7,-1.0
394985,587,"Platteville, WI",msa,WI,2022-08-31,0.2,-0.2,0.3
394503,589,"Corsicana, TX",msa,TX,2022-08-31,0.5,0.3,2.1
753905,590,"Newport, OR",msa,OR,2022-08-31,0.7,1.3,6.8
395234,591,"Winona, MN",msa,MN,2022-08-31,0.4,-0.2,0.0
394933,592,"Oil City, PA",msa,PA,2022-08-31,0.1,-0.5,-0.6
395029,593,"Rochelle, IL",msa,IL,2022-08-31,0.5,-0.3,-0.5
395091,594,"Shelbyville, TN",msa,TN,2022-08-31,0.3,0.9,7.4
394819,595,"Malone, NY",msa,NY,2022-08-31,0.3,-0.1,-0.1
394963,596,"Paris, TX",msa,TX,2022-08-31,0.5,0.3,3.0
395008,597,"Pullman, WA",msa,WA,2022-08-31,0.2,-0.3,1.2
394838,598,"Mason City, IA",msa,IA,2022-08-31,0.1,-0.7,-1.4
394567,599,"Ellensburg, WA",msa,WA,2022-08-31,1.6,2.1,7.3
394903,600,"Natchez, MS",msa,LA,2022-08-31,0.1,-0.4,-2.3
394326,601,"Amsterdam, NY",msa,NY,2022-08-31,0.2,-0.4,-0.3
394628,602,"Gardnerville Ranchos, NV",msa,NV,2022-08-31,-1.3,-3.2,0.3
394625,603,"Galesburg, IL",msa,IL,2022-08-31,-0.2,-1.2,-2.8
394527,604,"Del Rio, TX",msa,TX,2022-08-31,0.2,-0.3,0.0
395144,605,"Tahlequah, OK",msa,OK,2022-08-31,0.4,-0.1,0.5
394548,606,"Durant, OK",msa,OK,2022-08-31,0.3,-0.1,1.6
753911,607,"Ozark, AL",msa,AL,2022-08-31,0.2,-0.7,-0.4
394431,608,"Cadillac, MI",msa,MI,2022-08-31,0.4,0.3,1.9
394478,609,"Clovis, NM",msa,NM,2022-08-31,0.1,-0.7,0.0
395097,610,"Sidney, OH",msa,OH,2022-08-31,0.2,-0.2,1.2
394878,611,"Morgan City, LA",msa,LA,2022-08-31,-0.1,-1.4,-3.6
394876,612,"Montrose, CO",msa,CO,2022-08-31,1.0,1.3,3.0
394954,613,"Pahrump, NV",msa,NV,2022-08-31,-0.3,-0.4,5.8
394906,614,"New Castle, IN",msa,IN,2022-08-31,0.4,0.1,2.0
394608,615,"Fort Polk South, LA",msa,LA,2022-08-31,0.0,-0.8,-3.2
394919,616,"Norfolk, NE",msa,NE,2022-08-31,0.1,-0.5,0.4
394437,617,"Ca-¦on City, CO",msa,CO,2022-08-31,0.1,0.6,3.7
394739,618,"Kendallville, IN",msa,IN,2022-08-31,0.2,-0.1,2.1
394379,619,"Bemidji, MN",msa,MN,2022-08-31,0.3,-0.2,0.0
394391,620,"Blackfoot, ID",msa,ID,2022-08-31,0.2,0.4,6.3
394504,621,"Cortland, NY",msa,NY,2022-08-31,0.1,-0.6,-0.9
394887,622,"Mount Sterling, KY",msa,KY,2022-08-31,0.3,-0.3,0.2
395208,623,"Washington, NC",msa,NC,2022-08-31,0.3,-0.2,1.0
753916,624,"Sandpoint, ID",msa,ID,2022-08-31,0.1,-0.6,3.6
394918,625,"Nogales, AZ",msa,AZ,2022-08-31,0.3,0.1,3.2
395043,626,"Ruston, LA",msa,LA,2022-08-31,0.2,-0.1,-1.1
753865,627,"Bardstown, KY",msa,KY,2022-08-31,0.7,0.9,3.2
394477,628,"Clinton, IA",msa,IA,2022-08-31,0.5,-0.1,-2.4
395017,629,"Red Wing, MN",msa,MN,2022-08-31,0.8,0.7,1.8
394987,630,"Plymouth, IN",msa,IN,2022-08-31,0.1,-0.5,0.5
394789,631,"Lewistown, PA",msa,PA,2022-08-31,0.2,-0.4,0.3
394500,632,"Cornelia, GA",msa,GA,2022-08-31,0.5,0.3,2.3
394886,633,"Mount Pleasant, TX",msa,TX,2022-08-31,0.6,0.8,2.7
753904,634,"Marion, NC",msa,NC,2022-08-31,0.4,0.0,1.9
394398,635,"Bogalusa, LA",msa,LA,2022-08-31,-0.3,-1.4,-3.1
395201,636,"Wapakoneta, OH",msa,OH,2022-08-31,0.2,-0.1,1.4
753889,637,"Hillsdale, MI",msa,MI,2022-08-31,0.2,-0.3,0.7
394961,638,"Paragould, AR",msa,AR,2022-08-31,0.0,-0.6,0.5
394883,639,"Moultrie, GA",msa,GA,2022-08-31,-0.4,-0.9,0.0
394375,640,"Bedford, IN",msa,IN,2022-08-31,0.2,-0.2,1.7
394426,641,"Burley, ID",msa,ID,2022-08-31,0.3,0.5,4.2
394850,642,"Menomonie, WI",msa,WI,2022-08-31,0.3,-0.1,0.9
753918,643,"Shawano, WI",msa,WI,2022-08-31,0.3,0.0,0.6
394377,644,"Bellefontaine, OH",msa,OH,2022-08-31,-0.1,-0.6,0.6
394427,646,"Burlington, IA",msa,IA,2022-08-31,0.1,-0.8,-2.2
394667,647,"Harrison, AR",msa,AR,2022-08-31,0.2,-0.2,0.6
395189,648,"Vicksburg, MS",msa,MS,2022-08-31,0.0,-1.4,-2.2
394677,649,"Henderson, NC",msa,NC,2022-08-31,0.4,0.2,2.1
394817,650,"Madisonville, KY",msa,KY,2022-08-31,0.2,-0.4,-0.8
394695,651,"Huntingdon, PA",msa,PA,2022-08-31,0.1,-0.5,-0.4
394779,652,"Lawrenceburg, TN",msa,TN,2022-08-31,1.2,2.5,5.3
395037,653,"Rolla, MO",msa,MO,2022-08-31,0.2,-0.3,0.7
395155,654,"Thomasville, GA",msa,GA,2022-08-31,0.3,-0.2,1.1
395034,655,"Rockingham, NC",msa,NC,2022-08-31,0.0,-0.9,1.0
394785,656,"Lewisburg, PA",msa,PA,2022-08-31,0.1,-0.4,0.0
395087,657,"Seymour, IN",msa,IN,2022-08-31,0.2,-0.3,1.1
394384,658,"Big Rapids, MI",msa,MI,2022-08-31,,-0.4,0.6
394616,659,"Freeport, IL",msa,IL,2022-08-31,0.1,-0.8,-1.3
394842,660,"McAlester, OK",msa,OK,2022-08-31,0.1,-0.6,-0.8
394349,661,"Auburn, IN",msa,IN,2022-08-31,0.4,0.5,3.5
394482,662,"Coldwater, MI",msa,MI,2022-08-31,0.2,-0.2,0.9
394990,663,"Ponca City, OK",msa,OK,2022-08-31,0.4,0.7,0.4
395129,664,"Stephenville, TX",msa,TX,2022-08-31,0.5,0.5,2.1
395228,665,"Willmar, MN",msa,MN,2022-08-31,0.5,0.4,0.3
394545,666,"Duncan, OK",msa,OK,2022-08-31,0.1,-0.7,-1.2
394448,667,"Cedartown, GA",msa,GA,2022-08-31,0.3,0.3,4.0
394650,668,"Greenville, MS",msa,MS,2022-08-31,,,-4.7
394476,669,"Clewiston, FL",msa,FL,2022-08-31,0.6,0.6,5.0
395032,670,"Rock Springs, WY",msa,WY,2022-08-31,0.0,-0.8,-1.1
394297,671,"Aberdeen, SD",msa,SD,2022-08-31,0.1,-0.5,-0.6
395081,672,"Sedalia, MO",msa,MO,2022-08-31,0.4,0.6,3.2
394895,673,"Muscatine, IA",msa,IA,2022-08-31,0.1,-0.8,-2.0
394934,674,"Okeechobee, FL",msa,FL,2022-08-31,0.5,0.5,-0.9
394891,675,"Mountain Home, AR",msa,AR,2022-08-31,0.2,-0.2,0.4
395230,676,"Wilmington, OH",msa,OH,2022-08-31,0.3,0.1,2.1
394558,677,"El Campo, TX",msa,TX,2022-08-31,0.3,-0.1,0.6
394845,678,"McMinnville, TN",msa,TN,2022-08-31,0.8,0.8,4.5
394624,679,"Gainesville, TX",msa,TX,2022-08-31,0.6,0.6,3.3
394424,680,"Bucyrus, OH",msa,OH,2022-08-31,0.1,-0.6,0.2
394449,681,"Celina, OH",msa,OH,2022-08-31,0.1,-0.5,1.1
753866,682,"Big Stone Gap, VA",msa,VA,2022-08-31,0.1,-0.8,-2.6
394881,683,"Moscow, ID",msa,ID,2022-08-31,0.3,0.4,3.2
395158,684,"Tifton, GA",msa,GA,2022-08-31,0.1,-0.5,0.5
394341,685,"Astoria, OR",msa,OR,2022-08-31,0.3,0.2,2.1
394409,686,"Bradford, PA",msa,PA,2022-08-31,0.2,0.0,-0.1
395082,687,"Selinsgrove, PA",msa,PA,2022-08-31,0.1,-0.5,-0.1
394319,688,"Alma, MI",msa,MI,2022-08-31,0.2,0.0,1.4
395219,689,"West Plains, MO",msa,MO,2022-08-31,0.3,-0.3,0.1
394354,690,"Austin, MN",msa,MN,2022-08-31,-0.1,-0.9,1.2
394397,691,"Blytheville, AR",msa,AR,2022-08-31,0.5,0.3,0.2
394627,692,"Garden City, KS",msa,KS,2022-08-31,0.1,-0.3,0.5
394833,693,"Marshalltown, IA",msa,IA,2022-08-31,0.2,-0.7,-1.6
395026,694,"Riverton, WY",msa,WY,2022-08-31,0.2,-0.6,-0.3
394894,695,"Murray, KY",msa,KY,2022-08-31,0.1,-0.6,-1.0
395046,696,"Safford, AZ",msa,AZ,2022-08-31,0.3,0.0,2.8
394844,697,"McComb, MS",msa,MS,2022-08-31,0.1,-0.8,-2.1
395178,698,"Urbana, OH",msa,OH,2022-08-31,0.3,-0.1,1.5
394771,699,"Laramie, WY",msa,WY,2022-08-31,0.2,-0.6,0.0
395203,700,"Warren, PA",msa,PA,2022-08-31,0.0,-0.6,-0.9
394434,701,"Cambridge, OH",msa,OH,2022-08-31,0.2,-0.2,0.5
394981,702,"Pittsburg, KS",msa,KS,2022-08-31,0.0,-0.8,-1.8
394663,703,"Hannibal, MO",msa,MO,2022-08-31,0.2,-0.3,0.0
395227,704,"Williston, ND",msa,ND,2022-08-31,0.1,-1.0,-3.5
394574,705,"Espa-¦ola, NM",msa,NM,2022-08-31,0.1,0.0,0.7
394335,706,"Arcadia, FL",msa,FL,2022-08-31,0.4,0.3,3.8
394914,707,"Newberry, SC",msa,SC,2022-08-31,0.2,-0.5,0.1
394300,708,"Ada, OK",msa,OK,2022-08-31,0.3,-0.1,1.1
394507,709,"Crawfordsville, IN",msa,IN,2022-08-31,0.2,-0.3,1.7
394715,710,"Jacksonville, IL",msa,IL,2022-08-31,-0.4,-1.0,-2.8
394315,711,"Alexandria, MN",msa,MN,2022-08-31,-0.1,-1.0,1.2
395099,712,"Sikeston, MO",msa,MO,2022-08-31,0.1,-0.5,-0.4
394560,713,"El Dorado, AR",msa,AR,2022-08-31,0.1,-0.8,-0.2
394799,714,"Lock Haven, PA",msa,PA,2022-08-31,0.1,-0.4,0.0
394522,716,"DeRidder, LA",msa,LA,2022-08-31,-0.2,-1.5,-4.3
394526,717,"Defiance, OH",msa,OH,2022-08-31,0.2,-0.4,1.2
394904,718,"Natchitoches, LA",msa,LA,2022-08-31,0.1,-1.1,-3.1
394422,719,"Brownwood, TX",msa,TX,2022-08-31,0.4,0.3,1.7
394654,720,"Greenwood, MS",msa,MS,2022-08-31,0.2,-0.9,-1.7
394745,721,"Kill Devil Hills, NC",msa,NC,2022-08-31,0.7,1.1,4.4
394801,722,"Logansport, IN",msa,IN,2022-08-31,0.2,-0.5,0.8
395072,723,"Scottsbluff, NE",msa,NE,2022-08-31,0.1,-0.4,-0.6
394690,724,"Houghton, MI",msa,MI,2022-08-31,0.4,-0.1,-0.2
394888,725,"Mount Vernon, IL",msa,IL,2022-08-31,0.9,0.2,-0.4
395137,726,"Sulphur Springs, TX",msa,TX,2022-08-31,0.1,-0.1,2.2
394554,728,"Easton, MD",msa,MD,2022-08-31,0.1,-0.6,1.2
395069,729,"Sault Ste. Marie, MI",msa,MI,2022-08-31,0.5,0.2,1.4
394499,730,"Corinth, MS",msa,MS,2022-08-31,0.3,-0.2,-0.5
394840,731,"Mayfield, KY",msa,KY,2022-08-31,0.3,-0.4,-0.9
394370,732,"Bay City, TX",msa,TX,2022-08-31,0.2,-0.4,0.4
394436,733,"Campbellsville, KY",msa,KY,2022-08-31,0.2,-0.6,-1.0
394550,734,"Dyersburg, TN",msa,TN,2022-08-31,0.0,-0.7,-0.1
394948,735,"Owatonna, MN",msa,MN,2022-08-31,0.1,-0.5,-0.5
394385,736,"Big Spring, TX",msa,TX,2022-08-31,0.3,-0.2,0.8
395192,737,"Vincennes, IN",msa,IN,2022-08-31,0.1,-0.6,0.5
394506,738,"Coshocton, OH",msa,OH,2022-08-31,0.2,-0.2,1.1
394696,739,"Huntington, IN",msa,IN,2022-08-31,0.2,-0.3,1.5
394915,741,"Newport, TN",msa,TN,2022-08-31,-0.1,-0.5,1.1
394617,742,"Fremont, NE",msa,NE,2022-08-31,0.2,-0.1,1.0
395083,743,"Selma, AL",msa,AL,2022-08-31,0.1,-0.6,-1.3
394713,744,"Jackson, WY",msa,WY,2022-08-31,0.3,0.3,3.4
395191,745,"Vidalia, GA",msa,GA,2022-08-31,0.2,-0.2,1.4
395187,746,"Vernal, UT",msa,UT,2022-08-31,0.1,-0.7,-0.8
394781,749,"Lebanon, MO",msa,MO,2022-08-31,0.4,0.1,0.7
394525,750,"Decatur, IN",msa,IN,2022-08-31,0.2,-0.4,1.2
394413,751,"Brenham, TX",msa,TX,2022-08-31,0.3,0.1,1.4
394702,752,"Hutchinson, MN",msa,MN,2022-08-31,-0.3,-1.4,1.2
394569,753,"Emporia, KS",msa,KS,2022-08-31,0.4,-0.1,0.3
394573,754,"Escanaba, MI",msa,MI,2022-08-31,0.2,-0.3,-0.2
394419,755,"Brookings, SD",msa,SD,2022-08-31,0.1,-0.6,-0.3
394920,756,"North Platte, NE",msa,NE,2022-08-31,0.1,-0.8,-1.0
394992,757,"Pontiac, IL",msa,IL,2022-08-31,0.1,-0.6,-2.6
394382,758,"Bennington, VT",msa,VT,2022-08-31,0.1,-0.5,0.2
394973,759,"Peru, IN",msa,IN,2022-08-31,0.3,-0.2,1.6
394430,760,"Butte, MT",msa,MT,2022-08-31,0.4,0.3,3.6
394786,761,"Lewisburg, TN",msa,TN,2022-08-31,-0.1,0.2,6.6
394947,762,"Ottumwa, IA",msa,IA,2022-08-31,0.0,-0.9,-2.2
394331,763,"Angola, IN",msa,IN,2022-08-31,0.3,0.1,1.2
394777,764,"Laurinburg, NC",msa,NC,2022-08-31,0.4,-0.2,1.1
845172,765,"Winfield, KS",msa,KS,2022-08-31,0.3,-0.1,-0.4
394414,766,"Brevard, NC",msa,NC,2022-08-31,0.4,0.1,2.6
394324,767,"Americus, GA",msa,GA,2022-08-31,0.2,-0.2,-0.1
395211,768,"Watertown, SD",msa,SD,2022-08-31,0.2,-0.3,0.2
394557,769,"Effingham, IL",msa,IL,2022-08-31,0.2,-0.2,-0.8
395084,770,"Seneca Falls, NY",msa,NY,2022-08-31,0.1,-0.4,0.0
394417,771,"Brookhaven, MS",msa,MS,2022-08-31,0.2,-0.4,0.2
753902,772,"Malvern, AR",msa,AR,2022-08-31,0.2,-0.2,0.1
394535,773,"Dixon, IL",msa,IL,2022-08-31,0.0,-0.8,-1.7
395207,774,"Washington, IN",msa,IN,2022-08-31,0.1,-0.6,1.1
753878,775,"Dayton, TN",msa,TN,2022-08-31,0.1,-0.4,2.2
394491,776,"Columbus, NE",msa,NE,2022-08-31,0.3,-0.4,0.4
394835,777,"Martin, TN",msa,TN,2022-08-31,0.2,0.0,0.8
394536,779,"Dodge City, KS",msa,KS,2022-08-31,0.4,-0.1,0.3
394533,780,"Dickinson, ND",msa,ND,2022-08-31,0.0,-1.2,-4.5
395165,781,"Troy, AL",msa,AL,2022-08-31,-0.1,-1.0,-1.1
394984,782,"Plainview, TX",msa,TX,2022-08-31,0.0,-0.8,-1.4
395149,783,"Taos, NM",msa,NM,2022-08-31,0.7,1.0,4.5
394376,784,"Beeville, TX",msa,TX,2022-08-31,0.4,-0.1,0.9
753892,785,"Jackson, OH",msa,OH,2022-08-31,0.2,-0.3,1.2
394613,786,"Frankfort, IN",msa,IN,2022-08-31,0.2,-0.1,2.1
394815,787,"Madison, IN",msa,IN,2022-08-31,0.3,-0.1,2.4
395150,788,"Taylorville, IL",msa,IL,2022-08-31,-0.3,-1.3,-2.8
394962,789,"Paris, TN",msa,TN,2022-08-31,0.1,0.0,1.6
394433,790,"Cambridge, MD",msa,MD,2022-08-31,0.3,-0.1,-0.6
394730,791,"Juneau, AK",msa,AK,2022-08-31,0.1,-0.8,-2.3
845166,792,"Mount Gay, WV",msa,WV,2022-08-31,,-5.0,-5.1
394774,793,"Las Vegas, NM",msa,NM,2022-08-31,0.7,0.2,0.4
394481,794,"Coffeyville, KS",msa,KS,2022-08-31,0.1,-0.7,-3.4
394670,795,"Hastings, NE",msa,NE,2022-08-31,0.1,-0.6,0.1
394383,797,"Berlin, NH",msa,NH,2022-08-31,0.2,-0.3,1.1
394855,798,"Miami, OK",msa,OK,2022-08-31,0.4,0.2,1.8
395093,799,"Sheridan, WY",msa,WY,2022-08-31,0.1,-0.7,-0.2
395196,800,"Wabash, IN",msa,IN,2022-08-31,0.2,-0.3,1.4
394749,801,"Kingsville, TX",msa,TX,2022-08-31,0.4,-0.1,-0.3
753871,802,"Breckenridge, CO",msa,CO,2022-08-31,-1.4,-1.2,4.5
394310,804,"Albert Lea, MN",msa,MN,2022-08-31,0.2,-0.3,0.2
394473,805,"Cleveland, MS",msa,MS,2022-08-31,0.1,-0.7,-1.5
395176,806,"Union City, TN",msa,TN,2022-08-31,0.1,-0.5,0.2
394725,807,"Jesup, GA",msa,GA,2022-08-31,0.1,0.2,1.9
395141,808,"Susanville, CA",msa,CA,2022-08-31,0.6,-0.1,0.4
394751,809,"Kirksville, MO",msa,MO,2022-08-31,0.0,-0.9,-0.4
394708,811,"Iron Mountain, MI",msa,MI,2022-08-31,0.2,-0.1,0.0
394864,813,"Mineral Wells, TX",msa,TX,2022-08-31,0.8,1.5,4.1
394812,814,"Macomb, IL",msa,IL,2022-08-31,-0.2,-1.3,-3.3
753901,815,"Ludington, MI",msa,MI,2022-08-31,0.3,0.0,1.3
394606,816,"Fort Morgan, CO",msa,CO,2022-08-31,0.4,0.3,2.5
394740,817,"Kennett, MO",msa,MO,2022-08-31,0.3,0.1,-0.2
394673,818,"Hays, KS",msa,KS,2022-08-31,-0.1,-1.2,-2.4
753926,819,"Weatherford, OK",msa,OK,2022-08-31,0.1,-0.7,-1.3
395206,820,"Washington Court House, OH",msa,OH,2022-08-31,0.3,0.0,1.8
394846,821,"McPherson, KS",msa,KS,2022-08-31,0.0,-0.7,-1.1
753879,822,"Elkins, WV",msa,WV,2022-08-31,0.1,-1.3,-4.9
394795,823,"Lincoln, IL",msa,IL,2022-08-31,0.1,-0.7,-2.0
394435,824,"Camden, AR",msa,AR,2022-08-31,0.3,-0.6,-1.5
394320,825,"Alpena, MI",msa,MI,2022-08-31,0.3,-0.1,0.6
395185,826,"Van Wert, OH",msa,OH,2022-08-31,0.2,-0.3,0.5
394508,828,"Crescent City, CA",msa,CA,2022-08-31,0.5,0.2,0.4
394921,829,"North Vernon, IN",msa,IN,2022-08-31,0.4,-0.1,1.4
394892,830,"Mountain Home, ID",msa,ID,2022-08-31,0.4,0.4,5.5
395100,831,"Silver City, NM",msa,NM,2022-08-31,0.4,-0.1,0.8
394615,833,"Fredericksburg, TX",msa,TX,2022-08-31,0.3,-0.1,1.8
395214,835,"Wauchula, FL",msa,FL,2022-08-31,0.4,0.2,2.7
395181,836,"Uvalde, TX",msa,TX,2022-08-31,0.2,-0.4,0.3
394649,837,"Greensburg, IN",msa,IN,2022-08-31,0.2,-0.3,1.3
394758,838,"La Grande, OR",msa,OR,2022-08-31,0.3,-0.1,1.0
395154,839,"Thomaston, GA",msa,GA,2022-08-31,0.5,0.4,3.3
394356,840,"Bainbridge, GA",msa,GA,2022-08-31,0.3,-0.1,1.3
753923,841,"The Dalles, OR",msa,OR,2022-08-31,0.4,0.4,2.8
395110,843,"Spearfish, SD",msa,SD,2022-08-31,0.0,-0.6,-0.1
395159,844,"Toccoa, GA",msa,GA,2022-08-31,0.4,0.5,2.3
753909,845,"Ottawa, KS",msa,KS,2022-08-31,0.3,-0.1,0.7
394643,846,"Great Bend, KS",msa,KS,2022-08-31,0.4,-0.1,-1.4
394381,847,"Bennettsville, SC",msa,SC,2022-08-31,0.5,0.3,2.0
753921,848,"Steamboat Springs, CO",msa,CO,2022-08-31,0.6,0.3,4.2
394791,849,"Lexington, NE",msa,NE,2022-08-31,0.2,-0.3,0.0
394858,850,"Middlesborough, KY",msa,KY,2022-08-31,0.3,0.0,0.5
394584,851,"Fallon, NV",msa,NV,2022-08-31,0.3,0.1,3.8
394830,852,"Marshall, MN",msa,MN,2022-08-31,0.2,-0.4,-0.7
395004,853,"Prineville, OR",msa,OR,2022-08-31,0.4,0.4,3.2
394912,854,"New Ulm, MN",msa,MN,2022-08-31,0.2,-0.5,-0.6
395138,855,"Summerville, GA",msa,GA,2022-08-31,-0.1,-1.3,0.3
394854,856,"Mexico, MO",msa,MO,2022-08-31,0.3,0.4,1.4
394706,857,"Indianola, MS",msa,MS,2022-08-31,0.0,-0.8,0.0
394601,858,"Forrest City, AR",msa,AR,2022-08-31,0.3,-0.1,0.2
753884,859,"Hailey, ID",msa,ID,2022-08-31,0.6,1.0,6.1
394869,860,"Moberly, MO",msa,MO,2022-08-31,0.4,0.4,1.4
394322,861,"Altus, OK",msa,OK,2022-08-31,0.2,-0.4,-0.5
394529,862,"Deming, NM",msa,NM,2022-08-31,0.2,-0.2,1.0
395236,865,"Woodward, OK",msa,OK,2022-08-31,0.1,-0.7,-1.4
394818,866,"Magnolia, AR",msa,AR,2022-08-31,0.0,-0.7,-0.6
394418,867,"Brookings, OR",msa,OR,2022-08-31,0.3,0.0,1.7
394868,868,"Mitchell, SD",msa,SD,2022-08-31,0.3,-0.1,1.0
394687,869,"Hood River, OR",msa,OR,2022-08-31,0.4,0.5,2.1
394784,870,"Levelland, TX",msa,TX,2022-08-31,0.2,-0.1,0.2
394494,871,"Connersville, IN",msa,IN,2022-08-31,0.4,0.0,2.5
394831,872,"Marshall, MO",msa,MO,2022-08-31,0.2,0.3,2.3
395241,873,"Yankton, SD",msa,SD,2022-08-31,0.3,-0.4,-0.3
394959,874,"Pampa, TX",msa,TX,2022-08-31,-0.1,-1.1,-1.8
394945,875,"Oskaloosa, IA",msa,IA,2022-08-31,0.1,-0.8,-2.3
395198,876,"Wahpeton, ND",msa,ND,2022-08-31,0.1,-0.9,-2.0
394337,877,"Arkadelphia, AR",msa,AR,2022-08-31,0.2,-0.1,-0.4
394498,878,"Cordele, GA",msa,GA,2022-08-31,0.0,-0.9,-0.3
395130,879,"Sterling, CO",msa,CO,2022-08-31,0.3,-0.2,0.8
394837,880,"Maryville, MO",msa,MO,2022-08-31,0.2,-0.4,0.6
394470,881,"Clarksdale, MS",msa,MS,2022-08-31,,,-0.1
394564,882,"Elk City, OK",msa,OK,2022-08-31,-0.2,-0.9,-0.3
394371,883,"Beatrice, NE",msa,NE,2022-08-31,0.2,-0.6,-0.7
395239,884,"Worthington, MN",msa,MN,2022-08-31,0.3,0.0,0.6
395014,885,"Raymondville, TX",msa,TX,2022-08-31,0.3,-0.4,0.6
394793,886,"Liberal, KS",msa,KS,2022-08-31,0.4,-0.2,-1.7
753914,887,"Port Lavaca, TX",msa,TX,2022-08-31,0.2,-0.4,0.9
394403,889,"Borger, TX",msa,TX,2022-08-31,0.2,-0.7,-1.4
394544,890,"Dumas, TX",msa,TX,2022-08-31,0.3,0.1,1.4
394656,891,"Grenada, MS",msa,MS,2022-08-31,-0.3,-0.9,2.4
394718,892,"Jamestown, ND",msa,ND,2022-08-31,0.0,-1.0,-3.7
394979,894,"Pierre, SD",msa,SD,2022-08-31,0.1,-0.6,-0.1
394578,896,"Evanston, WY",msa,WY,2022-08-31,0.2,-0.7,-0.8
753908,897,"Othello, WA",msa,WA,2022-08-31,0.4,0.2,2.3
394659,898,"Guymon, OK",msa,OK,2022-08-31,0.7,0.7,2.7
395135,901,"Storm Lake, IA",msa,IA,2022-08-31,0.1,-0.7,-1.3
394965,902,"Parsons, KS",msa,KS,2022-08-31,1.3,2.8,4.5
394805,904,"Los Alamos, NM",msa,NM,2022-08-31,0.4,0.2,1.6
394330,906,"Andrews, TX",msa,TX,2022-08-31,-0.1,-0.6,0.8
394996,907,"Portales, NM",msa,NM,2022-08-31,0.2,-0.2,0.7
753880,908,"Fairfield, IA",msa,IA,2022-08-31,0.0,-1.0,-2.3
394678,909,"Hereford, TX",msa,TX,2022-08-31,0.3,0.0,2.5
395112,910,"Spirit Lake, IA",msa,IA,2022-08-31,0.1,-0.6,-1.0
753925,911,"Vineyard Haven, MA",msa,MA,2022-08-31,0.3,0.2,0.9
394676,912,"Helena, AR",msa,AR,2022-08-31,0.0,-1.3,-4.7
394841,913,"Maysville, KY",msa,KY,2022-08-31,0.4,-0.4,-0.3
753927,915,"Winnemucca, NV",msa,NV,2022-08-31,0.0,-0.8,-0.2
395104,916,"Snyder, TX",msa,TX,2022-08-31,0.1,-0.5,-0.1
394594,917,"Fitzgerald, GA",msa,GA,2022-08-31,-0.1,-0.7,-0.5
394968,918,"Pecos, TX",msa,TX,2022-08-31,0.2,0.6,7.4
394342,919,"Atchison, KS",msa,KS,2022-08-31,0.2,-0.6,-1.2
395111,920,"Spencer, IA",msa,IA,2022-08-31,0.0,-0.9,-1.9
395142,921,"Sweetwater, TX",msa,TX,2022-08-31,0.1,-0.6,-1.1
395186,922,"Vermillion, SD",msa,SD,2022-08-31,0.2,-0.3,0.7
753929,923,"Zapata, TX",msa,TX,2022-08-31,0.3,-0.7,-0.8
394743,924,"Ketchikan, AK",msa,AK,2022-08-31,0.1,-0.9,-2.2
753874,925,"Craig, CO",msa,CO,2022-08-31,0.3,-0.6,-2.1
394767,926,"Lamesa, TX",msa,TX,2022-08-31,0.3,0.1,2.1
395188,927,"Vernon, TX",msa,TX,2022-08-31,0.3,-0.9,-1.6
